version,version_season,season_name,season,episode,order,n_boots,final_n,sog_id,castaway_id,castaway,tribe,tribe_status,game_status
AU,AU10,Survivor Australia: Brains vs. Brawn II,10,1,0,0,24,1,AU0177,AJ,Brains,Original,In the game
AU,AU10,Survivor Australia: Brains vs. Brawn II,10,1,0,0,24,1,AU0178,Ally,Brains,Original,In the game
AU,AU10,Survivor Australia: Brains vs. Brawn II,10,1,0,0,24,1,AU0181,Indy,Brains,Original,In the game
AU,AU10,Survivor Australia: Brains vs. Brawn II,10,1,0,0,24,1,AU0183,Kaelan,Brains,Original,In the game
AU,AU10,Survivor Australia: Brains vs. Brawn II,10,1,0,0,24,1,AU0184,Karin,Brains,Original,In the game
AU,AU10,Survivor Australia: Brains vs. Brawn II,10,1,0,0,24,1,AU0186,Kent,Brains,Original,In the game
AU,AU10,Survivor Australia: Brains vs. Brawn II,10,1,0,0,24,1,AU0188,Laura,Brains,Original,In the game
AU,AU10,Survivor Australia: Brains vs. Brawn II,10,1,0,0,24,1,AU0190,Logan,Brains,Original,In the game
AU,AU10,Survivor Australia: Brains vs. Brawn II,10,1,0,0,24,1,AU0191,Max,Brains,Original,In the game
AU,AU10,Survivor Australia: Brains vs. Brawn II,10,1,0,0,24,1,AU0193,Myles,Brains,Original,In the game
AU,AU10,Survivor Australia: Brains vs. Brawn II,10,1,0,0,24,1,AU0197,Rich,Brains,Original,In the game
AU,AU10,Survivor Australia: Brains vs. Brawn II,10,1,0,0,24,1,AU0199,Zara,Brains,Original,In the game
AU,AU10,Survivor Australia: Brains vs. Brawn II,10,1,0,0,24,1,AU0179,Ben,Brawn,Original,In the game
AU,AU10,Survivor Australia: Brains vs. Brawn II,10,1,0,0,24,1,AU0180,Candy,Brawn,Original,In the game
AU,AU10,Survivor Australia: Brains vs. Brawn II,10,1,0,0,24,1,AU0182,Jesse,Brawn,Original,In the game
AU,AU10,Survivor Australia: Brains vs. Brawn II,10,1,0,0,24,1,AU0185,Kate,Brawn,Original,In the game
AU,AU10,Survivor Australia: Brains vs. Brawn II,10,1,0,0,24,1,AU0187,Kristin,Brawn,Original,In the game
AU,AU10,Survivor Australia: Brains vs. Brawn II,10,1,0,0,24,1,AU0189,Noonan,Brawn,Original,In the game
AU,AU10,Survivor Australia: Brains vs. Brawn II,10,1,0,0,24,1,AU0192,Morgan,Brawn,Original,In the game
AU,AU10,Survivor Australia: Brains vs. Brawn II,10,1,0,0,24,1,AU0194,Nash,Brawn,Original,In the game
AU,AU10,Survivor Australia: Brains vs. Brawn II,10,1,0,0,24,1,AU0195,Paulie,Brawn,Original,In the game
AU,AU10,Survivor Australia: Brains vs. Brawn II,10,1,0,0,24,1,AU0196,PD,Brawn,Original,In the game
AU,AU10,Survivor Australia: Brains vs. Brawn II,10,1,0,0,24,1,AU0198,Ursula,Brawn,Original,In the game
AU,AU10,Survivor Australia: Brains vs. Brawn II,10,1,0,0,24,1,AU0200,Zen,Brawn,Original,In the game
AU,AU10,Survivor Australia: Brains vs. Brawn II,10,2,1,1,23,2,AU0177,AJ,Brains,Original,In the game
AU,AU10,Survivor Australia: Brains vs. Brawn II,10,2,1,1,23,2,AU0178,Ally,Brains,Original,In the game
AU,AU10,Survivor Australia: Brains vs. Brawn II,10,2,1,1,23,2,AU0181,Indy,Brains,Original,In the game
AU,AU10,Survivor Australia: Brains vs. Brawn II,10,2,1,1,23,2,AU0183,Kaelan,Brains,Original,In the game
AU,AU10,Survivor Australia: Brains vs. Brawn II,10,2,1,1,23,2,AU0184,Karin,Brains,Original,In the game
AU,AU10,Survivor Australia: Brains vs. Brawn II,10,2,1,1,23,2,AU0186,Kent,Brains,Original,In the game
AU,AU10,Survivor Australia: Brains vs. Brawn II,10,2,1,1,23,2,AU0188,Laura,Brains,Original,In the game
AU,AU10,Survivor Australia: Brains vs. Brawn II,10,2,1,1,23,2,AU0190,Logan,Brains,Original,In the game
AU,AU10,Survivor Australia: Brains vs. Brawn II,10,2,1,1,23,2,AU0191,Max,Brains,Original,In the game
AU,AU10,Survivor Australia: Brains vs. Brawn II,10,2,1,1,23,2,AU0193,Myles,Brains,Original,In the game
AU,AU10,Survivor Australia: Brains vs. Brawn II,10,2,1,1,23,2,AU0197,Rich,Brains,Original,In the game
AU,AU10,Survivor Australia: Brains vs. Brawn II,10,2,1,1,23,2,AU0199,Zara,Brains,Original,In the game
AU,AU10,Survivor Australia: Brains vs. Brawn II,10,2,1,1,23,2,AU0179,Ben,Brawn,Original,In the game
AU,AU10,Survivor Australia: Brains vs. Brawn II,10,2,1,1,23,2,AU0182,Jesse,Brawn,Original,In the game
AU,AU10,Survivor Australia: Brains vs. Brawn II,10,2,1,1,23,2,AU0185,Kate,Brawn,Original,In the game
AU,AU10,Survivor Australia: Brains vs. Brawn II,10,2,1,1,23,2,AU0187,Kristin,Brawn,Original,In the game
AU,AU10,Survivor Australia: Brains vs. Brawn II,10,2,1,1,23,2,AU0189,Noonan,Brawn,Original,In the game
AU,AU10,Survivor Australia: Brains vs. Brawn II,10,2,1,1,23,2,AU0192,Morgan,Brawn,Original,In the game
AU,AU10,Survivor Australia: Brains vs. Brawn II,10,2,1,1,23,2,AU0194,Nash,Brawn,Original,In the game
AU,AU10,Survivor Australia: Brains vs. Brawn II,10,2,1,1,23,2,AU0195,Paulie,Brawn,Original,In the game
AU,AU10,Survivor Australia: Brains vs. Brawn II,10,2,1,1,23,2,AU0196,PD,Brawn,Original,In the game
AU,AU10,Survivor Australia: Brains vs. Brawn II,10,2,1,1,23,2,AU0198,Ursula,Brawn,Original,In the game
AU,AU10,Survivor Australia: Brains vs. Brawn II,10,2,1,1,23,2,AU0200,Zen,Brawn,Original,In the game
AU,AU10,Survivor Australia: Brains vs. Brawn II,10,3,2,3,22,3,AU0177,AJ,Brains,Original,In the game
AU,AU10,Survivor Australia: Brains vs. Brawn II,10,3,2,3,22,3,AU0178,Ally,Brains,Original,In the game
AU,AU10,Survivor Australia: Brains vs. Brawn II,10,3,2,3,22,3,AU0183,Kaelan,Brains,Original,In the game
AU,AU10,Survivor Australia: Brains vs. Brawn II,10,3,2,3,22,3,AU0184,Karin,Brains,Original,In the game
AU,AU10,Survivor Australia: Brains vs. Brawn II,10,3,2,3,22,3,AU0186,Kent,Brains,Original,In the game
AU,AU10,Survivor Australia: Brains vs. Brawn II,10,3,2,3,22,3,AU0188,Laura,Brains,Original,In the game
AU,AU10,Survivor Australia: Brains vs. Brawn II,10,3,2,3,22,3,AU0190,Logan,Brains,Original,In the game
AU,AU10,Survivor Australia: Brains vs. Brawn II,10,3,2,3,22,3,AU0191,Max,Brains,Original,In the game
AU,AU10,Survivor Australia: Brains vs. Brawn II,10,3,2,3,22,3,AU0193,Myles,Brains,Original,In the game
AU,AU10,Survivor Australia: Brains vs. Brawn II,10,3,2,3,22,3,AU0197,Rich,Brains,Original,In the game
AU,AU10,Survivor Australia: Brains vs. Brawn II,10,3,2,3,22,3,AU0199,Zara,Brains,Original,In the game
AU,AU10,Survivor Australia: Brains vs. Brawn II,10,3,2,3,22,3,AU0179,Ben,Brawn,Original,In the game
AU,AU10,Survivor Australia: Brains vs. Brawn II,10,3,2,3,22,3,AU0182,Jesse,Brawn,Original,In the game
AU,AU10,Survivor Australia: Brains vs. Brawn II,10,3,2,3,22,3,AU0185,Kate,Brawn,Original,In the game
AU,AU10,Survivor Australia: Brains vs. Brawn II,10,3,2,3,22,3,AU0187,Kristin,Brawn,Original,In the game
AU,AU10,Survivor Australia: Brains vs. Brawn II,10,3,2,3,22,3,AU0189,Noonan,Brawn,Original,In the game
AU,AU10,Survivor Australia: Brains vs. Brawn II,10,3,2,3,22,3,AU0192,Morgan,Brawn,Original,In the game
AU,AU10,Survivor Australia: Brains vs. Brawn II,10,3,2,3,22,3,AU0194,Nash,Brawn,Original,In the game
AU,AU10,Survivor Australia: Brains vs. Brawn II,10,3,2,3,22,3,AU0195,Paulie,Brawn,Original,In the game
AU,AU10,Survivor Australia: Brains vs. Brawn II,10,3,2,3,22,3,AU0196,PD,Brawn,Original,In the game
AU,AU10,Survivor Australia: Brains vs. Brawn II,10,3,2,3,22,3,AU0198,Ursula,Brawn,Original,In the game
AU,AU10,Survivor Australia: Brains vs. Brawn II,10,3,2,3,22,3,AU0200,Zen,Brawn,Original,In the game
AU,AU10,Survivor Australia: Brains vs. Brawn II,10,3,3,4,21,4,AU0177,AJ,Brains,Original,In the game
AU,AU10,Survivor Australia: Brains vs. Brawn II,10,3,3,4,21,4,AU0178,Ally,Brains,Original,In the game
AU,AU10,Survivor Australia: Brains vs. Brawn II,10,3,3,4,21,4,AU0183,Kaelan,Brains,Original,In the game
AU,AU10,Survivor Australia: Brains vs. Brawn II,10,3,3,4,21,4,AU0184,Karin,Brains,Original,In the game
AU,AU10,Survivor Australia: Brains vs. Brawn II,10,3,3,4,21,4,AU0186,Kent,Brains,Original,In the game
AU,AU10,Survivor Australia: Brains vs. Brawn II,10,3,3,4,21,4,AU0188,Laura,Brains,Original,In the game
AU,AU10,Survivor Australia: Brains vs. Brawn II,10,3,3,4,21,4,AU0190,Logan,Brains,Original,In the game
AU,AU10,Survivor Australia: Brains vs. Brawn II,10,3,3,4,21,4,AU0191,Max,Brains,Original,In the game
AU,AU10,Survivor Australia: Brains vs. Brawn II,10,3,3,4,21,4,AU0193,Myles,Brains,Original,In the game
AU,AU10,Survivor Australia: Brains vs. Brawn II,10,3,3,4,21,4,AU0197,Rich,Brains,Original,In the game
AU,AU10,Survivor Australia: Brains vs. Brawn II,10,3,3,4,21,4,AU0199,Zara,Brains,Original,In the game
AU,AU10,Survivor Australia: Brains vs. Brawn II,10,3,3,4,21,4,AU0179,Ben,Brawn,Original,In the game
AU,AU10,Survivor Australia: Brains vs. Brawn II,10,3,3,4,21,4,AU0182,Jesse,Brawn,Original,In the game
AU,AU10,Survivor Australia: Brains vs. Brawn II,10,3,3,4,21,4,AU0185,Kate,Brawn,Original,In the game
AU,AU10,Survivor Australia: Brains vs. Brawn II,10,3,3,4,21,4,AU0187,Kristin,Brawn,Original,In the game
AU,AU10,Survivor Australia: Brains vs. Brawn II,10,3,3,4,21,4,AU0189,Noonan,Brawn,Original,In the game
AU,AU10,Survivor Australia: Brains vs. Brawn II,10,3,3,4,21,4,AU0192,Morgan,Brawn,Original,In the game
AU,AU10,Survivor Australia: Brains vs. Brawn II,10,3,3,4,21,4,AU0194,Nash,Brawn,Original,In the game
AU,AU10,Survivor Australia: Brains vs. Brawn II,10,3,3,4,21,4,AU0195,Paulie,Brawn,Original,In the game
AU,AU10,Survivor Australia: Brains vs. Brawn II,10,3,3,4,21,4,AU0196,PD,Brawn,Original,In the game
AU,AU10,Survivor Australia: Brains vs. Brawn II,10,3,3,4,21,4,AU0198,Ursula,Brawn,Original,In the game
AU,AU10,Survivor Australia: Brains vs. Brawn II,10,4,4,5,20,5,AU0177,AJ,Brains,Original,In the game
AU,AU10,Survivor Australia: Brains vs. Brawn II,10,4,4,5,20,5,AU0178,Ally,Brains,Original,In the game
AU,AU10,Survivor Australia: Brains vs. Brawn II,10,4,4,5,20,5,AU0183,Kaelan,Brains,Original,In the game
AU,AU10,Survivor Australia: Brains vs. Brawn II,10,4,4,5,20,5,AU0184,Karin,Brains,Original,In the game
AU,AU10,Survivor Australia: Brains vs. Brawn II,10,4,4,5,20,5,AU0188,Laura,Brains,Original,In the game
AU,AU10,Survivor Australia: Brains vs. Brawn II,10,4,4,5,20,5,AU0190,Logan,Brains,Original,In the game
AU,AU10,Survivor Australia: Brains vs. Brawn II,10,4,4,5,20,5,AU0191,Max,Brains,Original,In the game
AU,AU10,Survivor Australia: Brains vs. Brawn II,10,4,4,5,20,5,AU0193,Myles,Brains,Original,In the game
AU,AU10,Survivor Australia: Brains vs. Brawn II,10,4,4,5,20,5,AU0197,Rich,Brains,Original,In the game
AU,AU10,Survivor Australia: Brains vs. Brawn II,10,4,4,5,20,5,AU0199,Zara,Brains,Original,In the game
AU,AU10,Survivor Australia: Brains vs. Brawn II,10,4,4,5,20,5,AU0179,Ben,Brawn,Original,In the game
AU,AU10,Survivor Australia: Brains vs. Brawn II,10,4,4,5,20,5,AU0182,Jesse,Brawn,Original,In the game
AU,AU10,Survivor Australia: Brains vs. Brawn II,10,4,4,5,20,5,AU0185,Kate,Brawn,Original,In the game
AU,AU10,Survivor Australia: Brains vs. Brawn II,10,4,4,5,20,5,AU0187,Kristin,Brawn,Original,In the game
AU,AU10,Survivor Australia: Brains vs. Brawn II,10,4,4,5,20,5,AU0189,Noonan,Brawn,Original,In the game
AU,AU10,Survivor Australia: Brains vs. Brawn II,10,4,4,5,20,5,AU0192,Morgan,Brawn,Original,In the game
AU,AU10,Survivor Australia: Brains vs. Brawn II,10,4,4,5,20,5,AU0194,Nash,Brawn,Original,In the game
AU,AU10,Survivor Australia: Brains vs. Brawn II,10,4,4,5,20,5,AU0195,Paulie,Brawn,Original,In the game
AU,AU10,Survivor Australia: Brains vs. Brawn II,10,4,4,5,20,5,AU0196,PD,Brawn,Original,In the game
AU,AU10,Survivor Australia: Brains vs. Brawn II,10,4,4,5,20,5,AU0198,Ursula,Brawn,Original,In the game
AU,AU10,Survivor Australia: Brains vs. Brawn II,10,5,5,6,NA,6,AU0177,AJ,Brains,Original,In the game
AU,AU10,Survivor Australia: Brains vs. Brawn II,10,5,5,6,NA,6,AU0178,Ally,Brains,Original,In the game
AU,AU10,Survivor Australia: Brains vs. Brawn II,10,5,5,6,NA,6,AU0183,Kaelan,Brains,Original,In the game
AU,AU10,Survivor Australia: Brains vs. Brawn II,10,5,5,6,NA,6,AU0184,Karin,Brains,Original,In the game
AU,AU10,Survivor Australia: Brains vs. Brawn II,10,5,5,6,NA,6,AU0188,Laura,Brains,Original,In the game
AU,AU10,Survivor Australia: Brains vs. Brawn II,10,5,5,6,NA,6,AU0190,Logan,Brains,Original,In the game
AU,AU10,Survivor Australia: Brains vs. Brawn II,10,5,5,6,NA,6,AU0191,Max,Brains,Original,In the game
AU,AU10,Survivor Australia: Brains vs. Brawn II,10,5,5,6,NA,6,AU0193,Myles,Brains,Original,In the game
AU,AU10,Survivor Australia: Brains vs. Brawn II,10,5,5,6,NA,6,AU0197,Rich,Brains,Original,In the game
AU,AU10,Survivor Australia: Brains vs. Brawn II,10,5,5,6,NA,6,AU0199,Zara,Brains,Original,In the game
AU,AU10,Survivor Australia: Brains vs. Brawn II,10,5,5,6,NA,6,AU0179,Ben,Brawn,Original,In the game
AU,AU10,Survivor Australia: Brains vs. Brawn II,10,5,5,6,NA,6,AU0182,Jesse,Brawn,Original,In the game
AU,AU10,Survivor Australia: Brains vs. Brawn II,10,5,5,6,NA,6,AU0185,Kate,Brawn,Original,In the game
AU,AU10,Survivor Australia: Brains vs. Brawn II,10,5,5,6,NA,6,AU0187,Kristin,Brawn,Original,In the game
AU,AU10,Survivor Australia: Brains vs. Brawn II,10,5,5,6,NA,6,AU0189,Noonan,Brawn,Original,In the game
AU,AU10,Survivor Australia: Brains vs. Brawn II,10,5,5,6,NA,6,AU0192,Morgan,Brawn,Original,In the game
AU,AU10,Survivor Australia: Brains vs. Brawn II,10,5,5,6,NA,6,AU0195,Paulie,Brawn,Original,In the game
AU,AU10,Survivor Australia: Brains vs. Brawn II,10,5,5,6,NA,6,AU0196,PD,Brawn,Original,In the game
AU,AU10,Survivor Australia: Brains vs. Brawn II,10,5,5,6,NA,6,AU0198,Ursula,Brawn,Original,In the game
AU,AU10,Survivor Australia: Brains vs. Brawn II,10,6,6,6,19,7,AU0177,AJ,Brains,Swapped,In the game
AU,AU10,Survivor Australia: Brains vs. Brawn II,10,6,6,6,19,7,AU0178,Ally,Brains,Swapped,In the game
AU,AU10,Survivor Australia: Brains vs. Brawn II,10,6,6,6,19,7,AU0183,Kaelan,Brains,Swapped,In the game
AU,AU10,Survivor Australia: Brains vs. Brawn II,10,6,6,6,19,7,AU0184,Karin,Brains,Swapped,In the game
AU,AU10,Survivor Australia: Brains vs. Brawn II,10,6,6,6,19,7,AU0188,Laura,Brains,Swapped,In the game
AU,AU10,Survivor Australia: Brains vs. Brawn II,10,6,6,6,19,7,AU0190,Logan,Brains,Swapped,In the game
AU,AU10,Survivor Australia: Brains vs. Brawn II,10,6,6,6,19,7,AU0191,Max,Brains,Swapped,In the game
AU,AU10,Survivor Australia: Brains vs. Brawn II,10,6,6,6,19,7,AU0193,Myles,Brains,Swapped,In the game
AU,AU10,Survivor Australia: Brains vs. Brawn II,10,6,6,6,19,7,AU0197,Rich,Brawn,Swapped,In the game
AU,AU10,Survivor Australia: Brains vs. Brawn II,10,6,6,6,19,7,AU0199,Zara,Brains,Swapped,In the game
AU,AU10,Survivor Australia: Brains vs. Brawn II,10,6,6,6,19,7,AU0179,Ben,Brawn,Swapped,In the game
AU,AU10,Survivor Australia: Brains vs. Brawn II,10,6,6,6,19,7,AU0182,Jesse,Brawn,Swapped,In the game
AU,AU10,Survivor Australia: Brains vs. Brawn II,10,6,6,6,19,7,AU0185,Kate,Brawn,Swapped,In the game
AU,AU10,Survivor Australia: Brains vs. Brawn II,10,6,6,6,19,7,AU0187,Kristin,Brawn,Swapped,In the game
AU,AU10,Survivor Australia: Brains vs. Brawn II,10,6,6,6,19,7,AU0189,Noonan,Brawn,Swapped,In the game
AU,AU10,Survivor Australia: Brains vs. Brawn II,10,6,6,6,19,7,AU0192,Morgan,Brawn,Swapped,In the game
AU,AU10,Survivor Australia: Brains vs. Brawn II,10,6,6,6,19,7,AU0195,Paulie,Brawn,Swapped,In the game
AU,AU10,Survivor Australia: Brains vs. Brawn II,10,6,6,6,19,7,AU0196,PD,Brawn,Swapped,In the game
AU,AU10,Survivor Australia: Brains vs. Brawn II,10,6,6,6,19,7,AU0198,Ursula,Brawn,Swapped,In the game
AU,AU10,Survivor Australia: Brains vs. Brawn II,10,7,6,7,18,8,AU0188,Laura,Brains,Swapped_2,In the game
AU,AU10,Survivor Australia: Brains vs. Brawn II,10,7,6,7,18,8,AU0191,Max,Brains,Swapped_2,In the game
AU,AU10,Survivor Australia: Brains vs. Brawn II,10,7,6,7,18,8,AU0193,Myles,Brains,Swapped_2,In the game
AU,AU10,Survivor Australia: Brains vs. Brawn II,10,7,6,7,18,8,AU0199,Zara,Brains,Swapped_2,In the game
AU,AU10,Survivor Australia: Brains vs. Brawn II,10,7,6,7,18,8,AU0179,Ben,Brains,Swapped_2,In the game
AU,AU10,Survivor Australia: Brains vs. Brawn II,10,7,6,7,18,8,AU0182,Jesse,Brains,Swapped_2,In the game
AU,AU10,Survivor Australia: Brains vs. Brawn II,10,7,6,7,18,8,AU0185,Kate,Brains,Swapped_2,In the game
AU,AU10,Survivor Australia: Brains vs. Brawn II,10,7,6,7,18,8,AU0192,Morgan,Brains,Swapped_2,In the game
AU,AU10,Survivor Australia: Brains vs. Brawn II,10,7,6,7,18,8,AU0196,PD,Brains,Swapped_2,In the game
AU,AU10,Survivor Australia: Brains vs. Brawn II,10,7,6,7,18,8,AU0177,AJ,Brawn,Swapped_2,In the game
AU,AU10,Survivor Australia: Brains vs. Brawn II,10,7,6,7,18,8,AU0183,Kaelan,Brawn,Swapped_2,In the game
AU,AU10,Survivor Australia: Brains vs. Brawn II,10,7,6,7,18,8,AU0184,Karin,Brawn,Swapped_2,In the game
AU,AU10,Survivor Australia: Brains vs. Brawn II,10,7,6,7,18,8,AU0190,Logan,Brawn,Swapped_2,In the game
AU,AU10,Survivor Australia: Brains vs. Brawn II,10,7,6,7,18,8,AU0197,Rich,Brawn,Swapped_2,In the game
AU,AU10,Survivor Australia: Brains vs. Brawn II,10,7,6,7,18,8,AU0187,Kristin,Brawn,Swapped_2,In the game
AU,AU10,Survivor Australia: Brains vs. Brawn II,10,7,6,7,18,8,AU0189,Noonan,Brawn,Swapped_2,In the game
AU,AU10,Survivor Australia: Brains vs. Brawn II,10,7,6,7,18,8,AU0195,Paulie,Brawn,Swapped_2,In the game
AU,AU10,Survivor Australia: Brains vs. Brawn II,10,7,6,7,18,8,AU0198,Ursula,Brawn,Swapped_2,In the game
AU,AU10,Survivor Australia: Brains vs. Brawn II,10,8,7,8,17,9,AU0188,Laura,Brains,Swapped_2,In the game
AU,AU10,Survivor Australia: Brains vs. Brawn II,10,8,7,8,17,9,AU0191,Max,Brains,Swapped_2,In the game
AU,AU10,Survivor Australia: Brains vs. Brawn II,10,8,7,8,17,9,AU0193,Myles,Brains,Swapped_2,In the game
AU,AU10,Survivor Australia: Brains vs. Brawn II,10,8,7,8,17,9,AU0199,Zara,Brains,Swapped_2,In the game
AU,AU10,Survivor Australia: Brains vs. Brawn II,10,8,7,8,17,9,AU0179,Ben,Brains,Swapped_2,In the game
AU,AU10,Survivor Australia: Brains vs. Brawn II,10,8,7,8,17,9,AU0182,Jesse,Brains,Swapped_2,In the game
AU,AU10,Survivor Australia: Brains vs. Brawn II,10,8,7,8,17,9,AU0185,Kate,Brains,Swapped_2,In the game
AU,AU10,Survivor Australia: Brains vs. Brawn II,10,8,7,8,17,9,AU0192,Morgan,Brains,Swapped_2,In the game
AU,AU10,Survivor Australia: Brains vs. Brawn II,10,8,7,8,17,9,AU0196,PD,Brains,Swapped_2,In the game
AU,AU10,Survivor Australia: Brains vs. Brawn II,10,8,7,8,17,9,AU0177,AJ,Brawn,Swapped_2,In the game
AU,AU10,Survivor Australia: Brains vs. Brawn II,10,8,7,8,17,9,AU0183,Kaelan,Brawn,Swapped_2,In the game
AU,AU10,Survivor Australia: Brains vs. Brawn II,10,8,7,8,17,9,AU0184,Karin,Brawn,Swapped_2,In the game
AU,AU10,Survivor Australia: Brains vs. Brawn II,10,8,7,8,17,9,AU0190,Logan,Brawn,Swapped_2,In the game
AU,AU10,Survivor Australia: Brains vs. Brawn II,10,8,7,8,17,9,AU0187,Kristin,Brawn,Swapped_2,In the game
AU,AU10,Survivor Australia: Brains vs. Brawn II,10,8,7,8,17,9,AU0189,Noonan,Brawn,Swapped_2,In the game
AU,AU10,Survivor Australia: Brains vs. Brawn II,10,8,7,8,17,9,AU0195,Paulie,Brawn,Swapped_2,In the game
AU,AU10,Survivor Australia: Brains vs. Brawn II,10,8,7,8,17,9,AU0198,Ursula,Brawn,Swapped_2,In the game
AU,AU10,Survivor Australia: Brains vs. Brawn II,10,9,8,9,16,10,AU0188,Laura,Brains,Swapped_2,In the game
AU,AU10,Survivor Australia: Brains vs. Brawn II,10,9,8,9,16,10,AU0191,Max,Brains,Swapped_2,In the game
AU,AU10,Survivor Australia: Brains vs. Brawn II,10,9,8,9,16,10,AU0193,Myles,Brains,Swapped_2,In the game
AU,AU10,Survivor Australia: Brains vs. Brawn II,10,9,8,9,16,10,AU0199,Zara,Brains,Swapped_2,In the game
AU,AU10,Survivor Australia: Brains vs. Brawn II,10,9,8,9,16,10,AU0179,Ben,Brains,Swapped_2,In the game
AU,AU10,Survivor Australia: Brains vs. Brawn II,10,9,8,9,16,10,AU0182,Jesse,Brains,Swapped_2,In the game
AU,AU10,Survivor Australia: Brains vs. Brawn II,10,9,8,9,16,10,AU0185,Kate,Brains,Swapped_2,In the game
AU,AU10,Survivor Australia: Brains vs. Brawn II,10,9,8,9,16,10,AU0192,Morgan,Brains,Swapped_2,In the game
AU,AU10,Survivor Australia: Brains vs. Brawn II,10,9,8,9,16,10,AU0196,PD,Brains,Swapped_2,In the game
AU,AU10,Survivor Australia: Brains vs. Brawn II,10,9,8,9,16,10,AU0177,AJ,Brawn,Swapped_2,In the game
AU,AU10,Survivor Australia: Brains vs. Brawn II,10,9,8,9,16,10,AU0183,Kaelan,Brawn,Swapped_2,In the game
AU,AU10,Survivor Australia: Brains vs. Brawn II,10,9,8,9,16,10,AU0184,Karin,Brawn,Swapped_2,In the game
AU,AU10,Survivor Australia: Brains vs. Brawn II,10,9,8,9,16,10,AU0190,Logan,Brawn,Swapped_2,In the game
AU,AU10,Survivor Australia: Brains vs. Brawn II,10,9,8,9,16,10,AU0187,Kristin,Brawn,Swapped_2,In the game
AU,AU10,Survivor Australia: Brains vs. Brawn II,10,9,8,9,16,10,AU0189,Noonan,Brawn,Swapped_2,In the game
AU,AU10,Survivor Australia: Brains vs. Brawn II,10,9,8,9,16,10,AU0195,Paulie,Brawn,Swapped_2,In the game
AU,AU10,Survivor Australia: Brains vs. Brawn II,10,10,9,10,15,11,AU0188,Laura,Brains,Swapped_2,In the game
AU,AU10,Survivor Australia: Brains vs. Brawn II,10,10,9,10,15,11,AU0193,Myles,Brains,Swapped_2,In the game
AU,AU10,Survivor Australia: Brains vs. Brawn II,10,10,9,10,15,11,AU0199,Zara,Brains,Swapped_2,In the game
AU,AU10,Survivor Australia: Brains vs. Brawn II,10,10,9,10,15,11,AU0179,Ben,Brains,Swapped_2,In the game
AU,AU10,Survivor Australia: Brains vs. Brawn II,10,10,9,10,15,11,AU0182,Jesse,Brains,Swapped_2,In the game
AU,AU10,Survivor Australia: Brains vs. Brawn II,10,10,9,10,15,11,AU0185,Kate,Brains,Swapped_2,In the game
AU,AU10,Survivor Australia: Brains vs. Brawn II,10,10,9,10,15,11,AU0192,Morgan,Brains,Swapped_2,In the game
AU,AU10,Survivor Australia: Brains vs. Brawn II,10,10,9,10,15,11,AU0196,PD,Brains,Swapped_2,In the game
AU,AU10,Survivor Australia: Brains vs. Brawn II,10,10,9,10,15,11,AU0177,AJ,Brawn,Swapped_2,In the game
AU,AU10,Survivor Australia: Brains vs. Brawn II,10,10,9,10,15,11,AU0183,Kaelan,Brawn,Swapped_2,In the game
AU,AU10,Survivor Australia: Brains vs. Brawn II,10,10,9,10,15,11,AU0184,Karin,Brawn,Swapped_2,In the game
AU,AU10,Survivor Australia: Brains vs. Brawn II,10,10,9,10,15,11,AU0190,Logan,Brawn,Swapped_2,In the game
AU,AU10,Survivor Australia: Brains vs. Brawn II,10,10,9,10,15,11,AU0187,Kristin,Brawn,Swapped_2,In the game
AU,AU10,Survivor Australia: Brains vs. Brawn II,10,10,9,10,15,11,AU0189,Noonan,Brawn,Swapped_2,In the game
AU,AU10,Survivor Australia: Brains vs. Brawn II,10,10,9,10,15,11,AU0195,Paulie,Brawn,Swapped_2,In the game
AU,AU10,Survivor Australia: Brains vs. Brawn II,10,11,10,11,NA,12,AU0188,Laura,Brains,Swapped_2,In the game
AU,AU10,Survivor Australia: Brains vs. Brawn II,10,11,10,11,NA,12,AU0193,Myles,Brains,Swapped_2,In the game
AU,AU10,Survivor Australia: Brains vs. Brawn II,10,11,10,11,NA,12,AU0199,Zara,Brains,Swapped_2,In the game
AU,AU10,Survivor Australia: Brains vs. Brawn II,10,11,10,11,NA,12,AU0179,Ben,Brains,Swapped_2,In the game
AU,AU10,Survivor Australia: Brains vs. Brawn II,10,11,10,11,NA,12,AU0182,Jesse,Brains,Swapped_2,In the game
AU,AU10,Survivor Australia: Brains vs. Brawn II,10,11,10,11,NA,12,AU0185,Kate,Brains,Swapped_2,In the game
AU,AU10,Survivor Australia: Brains vs. Brawn II,10,11,10,11,NA,12,AU0192,Morgan,Brains,Swapped_2,In the game
AU,AU10,Survivor Australia: Brains vs. Brawn II,10,11,10,11,NA,12,AU0196,PD,Brains,Swapped_2,In the game
AU,AU10,Survivor Australia: Brains vs. Brawn II,10,11,10,11,NA,12,AU0177,AJ,Brawn,Swapped_2,In the game
AU,AU10,Survivor Australia: Brains vs. Brawn II,10,11,10,11,NA,12,AU0183,Kaelan,Brawn,Swapped_2,In the game
AU,AU10,Survivor Australia: Brains vs. Brawn II,10,11,10,11,NA,12,AU0184,Karin,Brawn,Swapped_2,In the game
AU,AU10,Survivor Australia: Brains vs. Brawn II,10,11,10,11,NA,12,AU0190,Logan,Brawn,Swapped_2,In the game
AU,AU10,Survivor Australia: Brains vs. Brawn II,10,11,10,11,NA,12,AU0187,Kristin,Brawn,Swapped_2,In the game
AU,AU10,Survivor Australia: Brains vs. Brawn II,10,11,10,11,NA,12,AU0195,Paulie,Brawn,Swapped_2,In the game
AU,AU10,Survivor Australia: Brains vs. Brawn II,10,12,10,11,14,13,AU0188,Laura,Brains,Swapped_3,In the game
AU,AU10,Survivor Australia: Brains vs. Brawn II,10,12,10,11,14,13,AU0193,Myles,Brains,Swapped_3,In the game
AU,AU10,Survivor Australia: Brains vs. Brawn II,10,12,10,11,14,13,AU0199,Zara,Brawn,Swapped_3,In the game
AU,AU10,Survivor Australia: Brains vs. Brawn II,10,12,10,11,14,13,AU0179,Ben,Brains,Swapped_3,In the game
AU,AU10,Survivor Australia: Brains vs. Brawn II,10,12,10,11,14,13,AU0182,Jesse,Brains,Swapped_3,In the game
AU,AU10,Survivor Australia: Brains vs. Brawn II,10,12,10,11,14,13,AU0185,Kate,Brains,Swapped_3,In the game
AU,AU10,Survivor Australia: Brains vs. Brawn II,10,12,10,11,14,13,AU0192,Morgan,Brains,Swapped_3,In the game
AU,AU10,Survivor Australia: Brains vs. Brawn II,10,12,10,11,14,13,AU0196,PD,Brains,Swapped_3,In the game
AU,AU10,Survivor Australia: Brains vs. Brawn II,10,12,10,11,14,13,AU0177,AJ,Brawn,Swapped_3,In the game
AU,AU10,Survivor Australia: Brains vs. Brawn II,10,12,10,11,14,13,AU0183,Kaelan,Brawn,Swapped_3,In the game
AU,AU10,Survivor Australia: Brains vs. Brawn II,10,12,10,11,14,13,AU0184,Karin,Brawn,Swapped_3,In the game
AU,AU10,Survivor Australia: Brains vs. Brawn II,10,12,10,11,14,13,AU0190,Logan,Brawn,Swapped_3,In the game
AU,AU10,Survivor Australia: Brains vs. Brawn II,10,12,10,11,14,13,AU0187,Kristin,Brawn,Swapped_3,In the game
AU,AU10,Survivor Australia: Brains vs. Brawn II,10,12,10,11,14,13,AU0195,Paulie,Brawn,Swapped_3,In the game
AU,AU10,Survivor Australia: Brains vs. Brawn II,10,13,11,12,13,14,AU0188,Laura,Malosi,Merged,In the game
AU,AU10,Survivor Australia: Brains vs. Brawn II,10,13,11,12,13,14,AU0193,Myles,Malosi,Merged,In the game
AU,AU10,Survivor Australia: Brains vs. Brawn II,10,13,11,12,13,14,AU0199,Zara,Malosi,Merged,In the game
AU,AU10,Survivor Australia: Brains vs. Brawn II,10,13,11,12,13,14,AU0182,Jesse,Malosi,Merged,In the game
AU,AU10,Survivor Australia: Brains vs. Brawn II,10,13,11,12,13,14,AU0185,Kate,Malosi,Merged,In the game
AU,AU10,Survivor Australia: Brains vs. Brawn II,10,13,11,12,13,14,AU0192,Morgan,Malosi,Merged,In the game
AU,AU10,Survivor Australia: Brains vs. Brawn II,10,13,11,12,13,14,AU0196,PD,Malosi,Merged,In the game
AU,AU10,Survivor Australia: Brains vs. Brawn II,10,13,11,12,13,14,AU0177,AJ,Malosi,Merged,In the game
AU,AU10,Survivor Australia: Brains vs. Brawn II,10,13,11,12,13,14,AU0183,Kaelan,Malosi,Merged,In the game
AU,AU10,Survivor Australia: Brains vs. Brawn II,10,13,11,12,13,14,AU0184,Karin,Malosi,Merged,In the game
AU,AU10,Survivor Australia: Brains vs. Brawn II,10,13,11,12,13,14,AU0190,Logan,Malosi,Merged,In the game
AU,AU10,Survivor Australia: Brains vs. Brawn II,10,13,11,12,13,14,AU0187,Kristin,Malosi,Merged,In the game
AU,AU10,Survivor Australia: Brains vs. Brawn II,10,13,11,12,13,14,AU0195,Paulie,Malosi,Merged,In the game
AU,AU10,Survivor Australia: Brains vs. Brawn II,10,14,12,13,12,15,AU0188,Laura,Malosi,Merged,In the game
AU,AU10,Survivor Australia: Brains vs. Brawn II,10,14,12,13,12,15,AU0193,Myles,Malosi,Merged,In the game
AU,AU10,Survivor Australia: Brains vs. Brawn II,10,14,12,13,12,15,AU0199,Zara,Malosi,Merged,In the game
AU,AU10,Survivor Australia: Brains vs. Brawn II,10,14,12,13,12,15,AU0185,Kate,Malosi,Merged,In the game
AU,AU10,Survivor Australia: Brains vs. Brawn II,10,14,12,13,12,15,AU0192,Morgan,Malosi,Merged,In the game
AU,AU10,Survivor Australia: Brains vs. Brawn II,10,14,12,13,12,15,AU0196,PD,Malosi,Merged,In the game
AU,AU10,Survivor Australia: Brains vs. Brawn II,10,14,12,13,12,15,AU0177,AJ,Malosi,Merged,In the game
AU,AU10,Survivor Australia: Brains vs. Brawn II,10,14,12,13,12,15,AU0183,Kaelan,Malosi,Merged,In the game
AU,AU10,Survivor Australia: Brains vs. Brawn II,10,14,12,13,12,15,AU0184,Karin,Malosi,Merged,In the game
AU,AU10,Survivor Australia: Brains vs. Brawn II,10,14,12,13,12,15,AU0190,Logan,Malosi,Merged,In the game
AU,AU10,Survivor Australia: Brains vs. Brawn II,10,14,12,13,12,15,AU0187,Kristin,Malosi,Merged,In the game
AU,AU10,Survivor Australia: Brains vs. Brawn II,10,14,12,13,12,15,AU0195,Paulie,Malosi,Merged,In the game
AU,AU10,Survivor Australia: Brains vs. Brawn II,10,15,13,14,11,16,AU0188,Laura,Malosi,Merged,In the game
AU,AU10,Survivor Australia: Brains vs. Brawn II,10,15,13,14,11,16,AU0193,Myles,Malosi,Merged,In the game
AU,AU10,Survivor Australia: Brains vs. Brawn II,10,15,13,14,11,16,AU0199,Zara,Malosi,Merged,In the game
AU,AU10,Survivor Australia: Brains vs. Brawn II,10,15,13,14,11,16,AU0185,Kate,Malosi,Merged,In the game
AU,AU10,Survivor Australia: Brains vs. Brawn II,10,15,13,14,11,16,AU0192,Morgan,Malosi,Merged,In the game
AU,AU10,Survivor Australia: Brains vs. Brawn II,10,15,13,14,11,16,AU0177,AJ,Malosi,Merged,In the game
AU,AU10,Survivor Australia: Brains vs. Brawn II,10,15,13,14,11,16,AU0183,Kaelan,Malosi,Merged,In the game
AU,AU10,Survivor Australia: Brains vs. Brawn II,10,15,13,14,11,16,AU0184,Karin,Malosi,Merged,In the game
AU,AU10,Survivor Australia: Brains vs. Brawn II,10,15,13,14,11,16,AU0190,Logan,Malosi,Merged,In the game
AU,AU10,Survivor Australia: Brains vs. Brawn II,10,15,13,14,11,16,AU0187,Kristin,Malosi,Merged,In the game
AU,AU10,Survivor Australia: Brains vs. Brawn II,10,15,13,14,11,16,AU0195,Paulie,Malosi,Merged,In the game
AU,AU10,Survivor Australia: Brains vs. Brawn II,10,16,14,15,10,17,AU0193,Myles,Malosi,Merged,In the game
AU,AU10,Survivor Australia: Brains vs. Brawn II,10,16,14,15,10,17,AU0199,Zara,Malosi,Merged,In the game
AU,AU10,Survivor Australia: Brains vs. Brawn II,10,16,14,15,10,17,AU0185,Kate,Malosi,Merged,In the game
AU,AU10,Survivor Australia: Brains vs. Brawn II,10,16,14,15,10,17,AU0192,Morgan,Malosi,Merged,In the game
AU,AU10,Survivor Australia: Brains vs. Brawn II,10,16,14,15,10,17,AU0177,AJ,Malosi,Merged,In the game
AU,AU10,Survivor Australia: Brains vs. Brawn II,10,16,14,15,10,17,AU0183,Kaelan,Malosi,Merged,In the game
AU,AU10,Survivor Australia: Brains vs. Brawn II,10,16,14,15,10,17,AU0184,Karin,Malosi,Merged,In the game
AU,AU10,Survivor Australia: Brains vs. Brawn II,10,16,14,15,10,17,AU0190,Logan,Malosi,Merged,In the game
AU,AU10,Survivor Australia: Brains vs. Brawn II,10,16,14,15,10,17,AU0187,Kristin,Malosi,Merged,In the game
AU,AU10,Survivor Australia: Brains vs. Brawn II,10,16,14,15,10,17,AU0195,Paulie,Malosi,Merged,In the game
AU,AU10,Survivor Australia: Brains vs. Brawn II,10,17,14,15,10,18,AU0193,Myles,Malosi,Merged,In the game
AU,AU10,Survivor Australia: Brains vs. Brawn II,10,17,14,15,10,18,AU0199,Zara,Malosi,Merged,In the game
AU,AU10,Survivor Australia: Brains vs. Brawn II,10,17,14,15,10,18,AU0185,Kate,Malosi,Merged,In the game
AU,AU10,Survivor Australia: Brains vs. Brawn II,10,17,14,15,10,18,AU0192,Morgan,Malosi,Merged,In the game
AU,AU10,Survivor Australia: Brains vs. Brawn II,10,17,14,15,10,18,AU0177,AJ,Malosi,Merged,In the game
AU,AU10,Survivor Australia: Brains vs. Brawn II,10,17,14,15,10,18,AU0183,Kaelan,Malosi,Merged,In the game
AU,AU10,Survivor Australia: Brains vs. Brawn II,10,17,14,15,10,18,AU0184,Karin,Malosi,Merged,In the game
AU,AU10,Survivor Australia: Brains vs. Brawn II,10,17,14,15,10,18,AU0190,Logan,Malosi,Merged,In the game
AU,AU10,Survivor Australia: Brains vs. Brawn II,10,17,14,15,10,18,AU0187,Kristin,Malosi,Merged,In the game
AU,AU10,Survivor Australia: Brains vs. Brawn II,10,17,14,15,10,18,AU0195,Paulie,Malosi,Merged,In the game
AU,AU10,Survivor Australia: Brains vs. Brawn II,10,18,15,16,9,19,AU0193,Myles,Malosi,Merged,In the game
AU,AU10,Survivor Australia: Brains vs. Brawn II,10,18,15,16,9,19,AU0199,Zara,Malosi,Merged,In the game
AU,AU10,Survivor Australia: Brains vs. Brawn II,10,18,15,16,9,19,AU0185,Kate,Malosi,Merged,In the game
AU,AU10,Survivor Australia: Brains vs. Brawn II,10,18,15,16,9,19,AU0192,Morgan,Malosi,Merged,In the game
AU,AU10,Survivor Australia: Brains vs. Brawn II,10,18,15,16,9,19,AU0177,AJ,Malosi,Merged,In the game
AU,AU10,Survivor Australia: Brains vs. Brawn II,10,18,15,16,9,19,AU0183,Kaelan,Malosi,Merged,In the game
AU,AU10,Survivor Australia: Brains vs. Brawn II,10,18,15,16,9,19,AU0184,Karin,Malosi,Merged,In the game
AU,AU10,Survivor Australia: Brains vs. Brawn II,10,18,15,16,9,19,AU0190,Logan,Malosi,Merged,In the game
AU,AU10,Survivor Australia: Brains vs. Brawn II,10,18,15,16,9,19,AU0187,Kristin,Malosi,Merged,In the game
AU,AU10,Survivor Australia: Brains vs. Brawn II,10,19,16,17,8,20,AU0193,Myles,Malosi,Merged,In the game
AU,AU10,Survivor Australia: Brains vs. Brawn II,10,19,16,17,8,20,AU0199,Zara,Malosi,Merged,In the game
AU,AU10,Survivor Australia: Brains vs. Brawn II,10,19,16,17,8,20,AU0185,Kate,Malosi,Merged,In the game
AU,AU10,Survivor Australia: Brains vs. Brawn II,10,19,16,17,8,20,AU0192,Morgan,Malosi,Merged,In the game
AU,AU10,Survivor Australia: Brains vs. Brawn II,10,19,16,17,8,20,AU0177,AJ,Malosi,Merged,In the game
AU,AU10,Survivor Australia: Brains vs. Brawn II,10,19,16,17,8,20,AU0183,Kaelan,Malosi,Merged,In the game
AU,AU10,Survivor Australia: Brains vs. Brawn II,10,19,16,17,8,20,AU0190,Logan,Malosi,Merged,In the game
AU,AU10,Survivor Australia: Brains vs. Brawn II,10,19,16,17,8,20,AU0187,Kristin,Malosi,Merged,In the game
AU,AU10,Survivor Australia: Brains vs. Brawn II,10,20,17,18,7,21,AU0193,Myles,Malosi,Merged,In the game
AU,AU10,Survivor Australia: Brains vs. Brawn II,10,20,17,18,7,21,AU0199,Zara,Malosi,Merged,In the game
AU,AU10,Survivor Australia: Brains vs. Brawn II,10,20,17,18,7,21,AU0185,Kate,Malosi,Merged,In the game
AU,AU10,Survivor Australia: Brains vs. Brawn II,10,20,17,18,7,21,AU0192,Morgan,Malosi,Merged,In the game
AU,AU10,Survivor Australia: Brains vs. Brawn II,10,20,17,18,7,21,AU0177,AJ,Malosi,Merged,In the game
AU,AU10,Survivor Australia: Brains vs. Brawn II,10,20,17,18,7,21,AU0183,Kaelan,Malosi,Merged,In the game
AU,AU10,Survivor Australia: Brains vs. Brawn II,10,20,17,18,7,21,AU0187,Kristin,Malosi,Merged,In the game
AU,AU10,Survivor Australia: Brains vs. Brawn II,10,21,18,19,6,22,AU0193,Myles,Malosi,Merged,In the game
AU,AU10,Survivor Australia: Brains vs. Brawn II,10,21,18,19,6,22,AU0199,Zara,Malosi,Merged,In the game
AU,AU10,Survivor Australia: Brains vs. Brawn II,10,21,18,19,6,22,AU0185,Kate,Malosi,Merged,In the game
AU,AU10,Survivor Australia: Brains vs. Brawn II,10,21,18,19,6,22,AU0192,Morgan,Malosi,Merged,In the game
AU,AU10,Survivor Australia: Brains vs. Brawn II,10,21,18,19,6,22,AU0177,AJ,Malosi,Merged,In the game
AU,AU10,Survivor Australia: Brains vs. Brawn II,10,21,18,19,6,22,AU0183,Kaelan,Malosi,Merged,In the game
AU,AU10,Survivor Australia: Brains vs. Brawn II,10,22,19,20,5,23,AU0193,Myles,Malosi,Merged,In the game
AU,AU10,Survivor Australia: Brains vs. Brawn II,10,22,19,20,5,23,AU0199,Zara,Malosi,Merged,In the game
AU,AU10,Survivor Australia: Brains vs. Brawn II,10,22,19,20,5,23,AU0185,Kate,Malosi,Merged,In the game
AU,AU10,Survivor Australia: Brains vs. Brawn II,10,22,19,20,5,23,AU0177,AJ,Malosi,Merged,In the game
AU,AU10,Survivor Australia: Brains vs. Brawn II,10,22,19,20,5,23,AU0183,Kaelan,Malosi,Merged,In the game
AU,AU10,Survivor Australia: Brains vs. Brawn II,10,23,20,21,4,24,AU0193,Myles,Malosi,Merged,In the game
AU,AU10,Survivor Australia: Brains vs. Brawn II,10,23,20,21,4,24,AU0199,Zara,Malosi,Merged,In the game
AU,AU10,Survivor Australia: Brains vs. Brawn II,10,23,20,21,4,24,AU0177,AJ,Malosi,Merged,In the game
AU,AU10,Survivor Australia: Brains vs. Brawn II,10,23,20,21,4,24,AU0183,Kaelan,Malosi,Merged,In the game
